name,id,tier,rarity,tech/manufacturer,tags,uiTags,base value,unlocked,hidden,hiddenEverywhere,cost_frigate,cost_dest,cost_cruiser,cost_capital,script,desc,short,sModDesc,sprite
激进式集群作战网络（词缀·隐藏）,astd_affix_aggressive_swarm_network,1,1,astd_hidden,,,0,TRUE,TRUE,TRUE,0,0,0,0,cn.kasuminova.astd.combat.hullmods.affix.AffixAggressiveSwarmNetworkHullMod,,集群作战网络（隐藏）,,graphics/hullmods/astd_zero_point_compute_core.png
六相冰辐能网络（词缀·隐藏）,astd_affix_cryo_flux_network,1,1,astd_hidden,,,0,TRUE,TRUE,TRUE,0,0,0,0,cn.kasuminova.astd.combat.hullmods.affix.AffixCryoFluxNetworkHullMod,,六相冰辐能网络（隐藏）,,graphics/hullmods/astd_zero_point_compute_core.png
维度专长（词缀·隐藏）,astd_affix_dimensional_specialty,1,1,astd_hidden,,,0,TRUE,TRUE,TRUE,0,0,0,0,cn.kasuminova.astd.combat.hullmods.affix.AffixDimensionalSpecialtyHullMod,,维度专长（隐藏）,,graphics/hullmods/astd_zero_point_compute_core.png
引擎辐能网隔离（词缀·隐藏）,astd_affix_engine_flux_isolation,1,1,astd_hidden,,,0,TRUE,TRUE,TRUE,0,0,0,0,cn.kasuminova.astd.combat.hullmods.affix.AffixEngineFluxIsolationHullMod,,引擎辐能隔离（隐藏）,,graphics/hullmods/astd_zero_point_compute_core.png
引擎超频（词缀·隐藏）,astd_affix_engine_overclock,1,1,astd_hidden,,,0,TRUE,TRUE,TRUE,0,0,0,0,cn.kasuminova.astd.combat.hullmods.affix.AffixEngineOverclockHullMod,,引擎超频（隐藏）,,graphics/hullmods/astd_zero_point_compute_core.png
极限辐能线圈扩容（词缀·隐藏）,astd_affix_flux_coil_expansion,1,1,astd_hidden,,,0,TRUE,TRUE,TRUE,0,0,0,0,cn.kasuminova.astd.combat.hullmods.affix.AffixFluxCoilExpansionHullMod,,辐能线圈扩容（隐藏）,,graphics/hullmods/astd_zero_point_compute_core.png
电网深化升级（词缀·隐藏）,astd_affix_grid_deepening,1,1,astd_hidden,,,0,TRUE,TRUE,TRUE,0,0,0,0,cn.kasuminova.astd.combat.hullmods.affix.AffixGridDeepeningHullMod,,电网深化（隐藏）,,graphics/hullmods/astd_zero_point_compute_core.png
铁甲重装（词缀·隐藏）,astd_affix_ironclad_plating,1,1,astd_hidden,,,0,TRUE,TRUE,TRUE,0,0,0,0,cn.kasuminova.astd.combat.hullmods.affix.AffixIroncladPlatingHullMod,,铁甲重装（隐藏）,,graphics/hullmods/astd_zero_point_compute_core.png
相位线圈降频（词缀·隐藏）,astd_affix_phase_coil_detuning,1,1,astd_hidden,,,0,TRUE,TRUE,TRUE,0,0,0,0,cn.kasuminova.astd.combat.hullmods.affix.AffixPhaseCoilDetuningHullMod,,相位降频（隐藏）,,graphics/hullmods/astd_zero_point_compute_core.png
相位线圈调谐（词缀·隐藏）,astd_affix_phase_coil_tuning,1,1,astd_hidden,,,0,TRUE,TRUE,TRUE,0,0,0,0,cn.kasuminova.astd.combat.hullmods.affix.AffixPhaseCoilTuningHullMod,,相位调谐（隐藏）,,graphics/hullmods/astd_zero_point_compute_core.png
等离子装甲护盾（词缀·隐藏）,astd_affix_plasma_armor_shield,1,1,astd_hidden,,,0,TRUE,TRUE,TRUE,0,0,0,0,cn.kasuminova.astd.combat.hullmods.affix.AffixPlasmaArmorShieldHullMod,,等离子装甲护盾（隐藏）,,graphics/hullmods/astd_zero_point_compute_core.png
极化护盾发生器（词缀·隐藏）,astd_affix_polarized_shield,1,1,astd_hidden,,,0,TRUE,TRUE,TRUE,0,0,0,0,cn.kasuminova.astd.combat.hullmods.affix.AffixPolarizedShieldHullMod,,极化护盾（隐藏）,,graphics/hullmods/astd_zero_point_compute_core.png
P空间深潜器（词缀·隐藏）,astd_affix_pspace_diver,1,1,astd_hidden,,,0,TRUE,TRUE,TRUE,0,0,0,0,cn.kasuminova.astd.combat.hullmods.affix.AffixPSpaceDiverHullMod,,P空间深潜器（隐藏）,,graphics/hullmods/astd_zero_point_compute_core.png
反应式辐能装甲（词缀·隐藏）,astd_affix_reactive_flux_armor,1,1,astd_hidden,,,0,TRUE,TRUE,TRUE,0,0,0,0,cn.kasuminova.astd.combat.hullmods.affix.AffixReactiveFluxArmorHullMod,,反应辐能装甲（隐藏）,,graphics/hullmods/astd_zero_point_compute_core.png
递归式目标定位系统（词缀·隐藏）,astd_affix_recursive_targeting,1,1,astd_hidden,,,0,TRUE,TRUE,TRUE,0,0,0,0,cn.kasuminova.astd.combat.hullmods.affix.AffixRecursiveTargetingHullMod,,递归目标定位（隐藏）,,graphics/hullmods/astd_zero_point_compute_core.png
奇点驱动（词缀·隐藏）,astd_affix_singularity_drive,1,1,astd_hidden,,,0,TRUE,TRUE,TRUE,0,0,0,0,cn.kasuminova.astd.combat.hullmods.affix.AffixSingularityDriveHullMod,,奇点驱动（隐藏）,,graphics/hullmods/astd_zero_point_compute_core.png
蜂群协同网络（词缀·隐藏）,astd_affix_swarm_coordination,1,1,astd_hidden,,,0,TRUE,TRUE,TRUE,0,0,0,0,cn.kasuminova.astd.combat.hullmods.affix.AffixSwarmCoordinationHullMod,,蜂群协同（隐藏）,,graphics/hullmods/astd_zero_point_compute_core.png
先进能量集成,astd_arc_advanced_energy_integration,3,1,菀星设计局-星坠,astd_builtin,,0,FALSE,TRUE,FALSE,0,0,0,0,cn.kasuminova.astd.combat.hullmods.arc.ASTDAdvancedEnergyIntegrationHullMod,,能量武装集成与装配优化,,graphics/hullmods/astd_arc_advanced_energy_integration.png
先进火控集成,astd_arc_advanced_fire_control,2,1,菀星设计局-星坠,astd_builtin,,0,FALSE,TRUE,FALSE,0,0,0,0,cn.kasuminova.astd.combat.hullmods.arc.ASTDArcAdvancedFireControlHullMod,,主炮火控与射击节律强化,,graphics/hullmods/astd_arc_advanced_fire_control.png
高级舰装集成,astd_arc_advanced_targeting_system,1,1,菀星设计局-星坠,astd_builtin,,0,FALSE,TRUE,FALSE,0,0,0,0,cn.kasuminova.astd.combat.hullmods.arc.ASTDArcAdvancedTargetingSystemHullMod,,射程/弹速/辐能/装配点全面强化的目标定位系统,,graphics/hullmods/astd_arc_advanced_targeting_system.png
弧光共享战术网络,astd_arc_shared_tactical_network,2,1,菀星设计局-星坠,astd_builtin,,0,FALSE,TRUE,FALSE,0,0,0,0,cn.kasuminova.astd.combat.hullmods.arc.ASTDArcSharedTacticalNetworkHullMod,,共享链路与辐能窗口协同,,graphics/hullmods/astd_arc_loop_interface.png
奇点能源,astd_arc_singularity_power,3,1,菀星设计局-星坠,astd_builtin,,0,FALSE,TRUE,FALSE,0,0,0,0,cn.kasuminova.astd.combat.hullmods.base.ASTDSingularityPowerHullMod,,全舰供能：排辐、过载、环境抗性与武器辐耗优化,,graphics/hullmods/astd_arc_singularity_power.png
维度折叠甲板,astd_dimensional_folding_deck,1,1,菀星设计局-紫菀,astd_builtin,,0,FALSE,TRUE,FALSE,0,0,0,0,cn.kasuminova.astd.combat.hullmods.lens.ASTDDimensionalFoldingDeckHullMod,,LPC 装配点 +50%%，联队规模大幅扩容,,graphics/hullmods/astd_dimensional_folding_deck.png
双模式切换器,astd_dual_mode_switcher,3,0,,"no_drop, no_drop_salvage",,0,FALSE,TRUE,FALSE,0,0,0,0,cn.kasuminova.astd.combat.hullmods.base.ASTDDualModeSwitcherHullMod,,改装界面中移除以轮换载人 / 无人模式,,graphics/hullmods/astd_lens_array_core.png
引力电磁力场,astd_grav_em_field,3,1,菀星设计局-紫菀,astd_builtin,,0,FALSE,TRUE,FALSE,0,0,0,0,cn.kasuminova.astd.combat.hullmods.lens.GravEmFieldHullMod,,近域敌舰 EMP 抗性、机动与射程压制,,graphics/hullmods/astd_lens_array_core.png
引力相位甲板,astd_grav_phase_deck,1,1,菀星设计局-紫菀,astd_builtin,,0,FALSE,TRUE,FALSE,0,0,0,0,cn.kasuminova.astd.combat.hullmods.lens.ASTDGravPhaseDeckHullMod,,母舰相位时战机同步相位，战机辐能部分返还母舰,,graphics/hullmods/astd_grav_phase_deck.png
引力空间折跃器,astd_grav_space_fold,3,1,菀星设计局-紫菀,astd_builtin,,0,FALSE,TRUE,FALSE,0,0,0,0,cn.kasuminova.astd.combat.hullmods.lens.GravSpaceFoldHullMod,,近域弹体概率折跃至舰体另一端，光束减伤,,graphics/hullmods/astd_lens_array_core.png
虚数之翼,astd_imaginary_wings,3,1,菀星设计局-星坠,astd_builtin,,0,FALSE,TRUE,FALSE,0,0,0,0,cn.kasuminova.astd.combat.hullmods.arc.ASTDImaginaryWingsHullMod,,系统激活后短暂机动爆发，武器伤害随航速比例缩放,,graphics/hullmods/astd_imaginary_wings.png
离子化反冲蓄能器,astd_ionized_recoil_accumulator,2,1,菀星设计局-星坠,astd_builtin,,0,FALSE,TRUE,FALSE,0,0,0,0,cn.kasuminova.astd.combat.hullmods.arc.ASTDIonizedRecoilAccumulatorHullMod,,受击回收与反冲电弧,,graphics/hullmods/astd_ionized_recoil_accumulator.png
透镜阵列核心,astd_lens_array_core,3,1,菀星设计局-紫菀,astd_builtin,,0,FALSE,TRUE,FALSE,0,0,0,0,cn.kasuminova.astd.combat.hullmods.lens.ASTDLensArrayCoreHullMod,,透镜协议旗舰指挥中枢,,graphics/hullmods/astd_lens_array_core.png
视差甲板,astd_lens_parallax_decks,3,1,菀星设计局-紫菀,astd_builtin,,0,FALSE,TRUE,FALSE,0,0,0,0,cn.kasuminova.astd.combat.hullmods.lens.ASTDLensParallaxDecksHullMod,,机群铺标记载具：错位部署 / 链路回响 / 回收重构,,graphics/hullmods/astd_lens_array_core.png
渗透潮汐,astd_lens_permeating_tide,3,1,菀星设计局-紫菀,astd_builtin,,0,FALSE,TRUE,FALSE,0,0,0,0,cn.kasuminova.astd.combat.hullmods.lens.ASTDLensPermeatingTideHullMod,,电战潮汐场：涨潮叠深水标记 / 过载退潮清场,,graphics/hullmods/astd_lens_array_core.png
奇点能源,astd_lens_singularity_power,3,1,菀星设计局-紫菀,astd_builtin,,0,FALSE,TRUE,FALSE,0,0,0,0,cn.kasuminova.astd.combat.hullmods.base.ASTDSingularityPowerHullMod,,全舰供能：排辐、过载、环境抗性与武器辐耗优化,,graphics/hullmods/astd_lens_singularity_power.png
无人模式,astd_mode_automated,3,0,,,,0,FALSE,TRUE,TRUE,0,0,0,0,cn.kasuminova.astd.combat.hullmods.base.ASTDAutomatedModeHullMod,,由 AI 核心接管舰桥的无人作战模式,,graphics/hullmods/astd_vectorized_jet_array.png
载人模式,astd_mode_crewed,3,0,,,,0,FALSE,TRUE,TRUE,0,0,0,0,cn.kasuminova.astd.combat.hullmods.base.ASTDCrewedModeHullMod,,由乘员直接驾驶的标准作战模式,,graphics/hullmods/astd_nano_restoration_protocol.png
内部：下次切换到无人,astd_mode_next_automated,0,0,astd_hidden,,,0,FALSE,TRUE,TRUE,0,0,0,0,cn.kasuminova.astd.combat.hullmods.PlaceholderHullMod,,内部状态,,graphics/hullmods/astd_arc_loop_interface.png
内部：下次切换到载人,astd_mode_next_crewed,0,0,astd_hidden,,,0,FALSE,TRUE,TRUE,0,0,0,0,cn.kasuminova.astd.combat.hullmods.PlaceholderHullMod,,内部状态,,graphics/hullmods/astd_arc_loop_interface.png
纳米重构协议,astd_nano_restoration_protocol,2,1,,astd_builtin,,0,FALSE,TRUE,FALSE,0,0,0,0,cn.kasuminova.astd.combat.hullmods.base.ASTDNanoRestorationProtocolHullMod,,战斗内装甲/结构修复,,graphics/hullmods/astd_nano_restoration_protocol.png
等离子装甲护盾,astd_plasma_armor_shield,2,1,菀星设计局-星坠,astd_builtin,,0,FALSE,TRUE,FALSE,0,0,0,0,cn.kasuminova.astd.combat.hullmods.arc.ASTDPlasmaArmorShieldHullMod,,装甲-护盾承压耦合,,graphics/hullmods/astd_plasma_armor_shield.png
奇点稳定器,astd_singularity_stabilizer,1,1,联制,astd_builtin,,0,FALSE,TRUE,FALSE,0,0,0,0,cn.kasuminova.astd.combat.hullmods.base.ASTDSingularityStabilizerHullMod,,时流锚定，免疫时流减益,,graphics/hullmods/astd_arch_stabilizer.png
测试：护盾覆盖率（隐藏）,astd_test_shield_coverage,1,1,astd_hidden,,,0,TRUE,TRUE,TRUE,0,0,0,0,cn.kasuminova.astd.combat.hullmods.AsteriaTestShieldCoverageHullMod,,护盾覆盖（测试）,,graphics/hullmods/astd_zero_point_compute_core.png
透镜阵列核心 - 无人模式,astd_zw_001_mode_automated,3,1,菀星设计局-紫菀,astd_builtin,,0,FALSE,TRUE,TRUE,0,0,0,0,cn.kasuminova.astd.combat.hullmods.lens.ASTDLensAutomatedModeHullMod,,全域拓扑态：蜂群与幽灵信号,,graphics/hullmods/astd_lens_array_core.png
透镜阵列核心 - 载人模式,astd_zw_001_mode_crewed,3,1,菀星设计局-紫菀,astd_builtin,,0,FALSE,TRUE,TRUE,0,0,0,0,cn.kasuminova.astd.combat.hullmods.lens.ASTDLensCrewedModeHullMod,,宏观锚定态：情报中枢与战术链路,,graphics/hullmods/astd_lens_array_core.png
内部：下次切换到无人(透镜),astd_zw_001_mode_next_automated,0,0,astd_hidden,,,0,FALSE,TRUE,TRUE,0,0,0,0,cn.kasuminova.astd.combat.hullmods.PlaceholderHullMod,,占位 (调试),,graphics/hullmods/astd_lens_array_core.png
内部：下次切换到载人(透镜),astd_zw_001_mode_next_crewed,0,0,astd_hidden,,,0,FALSE,TRUE,TRUE,0,0,0,0,cn.kasuminova.astd.combat.hullmods.PlaceholderHullMod,,占位 (调试),,graphics/hullmods/astd_lens_array_core.png
