id,type,text1,text2,text3,text4,text5,notes
astd_annihilation_vortex,WEAPON,渊暮原种光束武器的逆向工程产物。它将光束终点作为引力锚点展开吞噬涡旋——任何途经的敌方射弹与导弹都会被没收，成为下一次爆炸的燃料。,,,,,"研究档案：关于涡旋的成因，学术界至今维持着三种互不兼容的理论：引力透镜效应的亚稳态残留、伪粒子流的自聚集临界，以及""光束只是诱饵，真正开火的是别的东西""。第三种理论的支持者在最近一次实地观测中失去了一整艘探测船和船上全部记录设备——除了最后三秒的弹道摄像：十六枚已发射的反舰导弹调转方向，排着队飞进了那团红光里。"
astd_arc_shared_flux_network,SHIP_SYSTEM,弧光共享辐能网络把旗舰电网转入开放式耗散状态。,支援,友舰获得更宽的射击窗口，过量辐能则沿链路回灌至烽燧。,舰体会牺牲自身火力与机动，换取整条战线的瞬时压制。,链路点亮，舰队开始共振。,
astd_burst_flow_fighter,SHIP_SYSTEM,叶随流水，花逐疾风。瞬时爆发时间流速与机动性，并为弹匣武器快速充能。,机动,叶随流水，花逐疾风。瞬时爆发时间流速与机动性，并为弹匣武器快速充能。,,1 秒内时间流速、加减速与弹匣充能速率大幅提升，并按当前向量附加冲刺动量；激活期间锁定舰船朝向。最多 2 次充能，每 10 秒恢复 1 次。,
astd_charge_needle,WEAPON,弹匣供弹的电荷箭弹速射武器，命中护盾会使电荷在目标护盾矩阵中淤积，持续抬高其维持开销；命中船体则可能将电荷泄放为电弧，打击武器与引擎。,,,,,
astd_cuifeng_launcher,WEAPON,坠星科研部研发的一种重型反舰鱼雷。使用极为激进的大当量反物质装药和实验性推进器设计，能够快速对重型单位造成严重打击。种种特性使得摧锋在同档位反舰武器下表现出空前绝后的水平，但最终仍因为制造成本过高并没有走向量产化。,,,,,
astd_cuifeng_torpedo,WEAPON,坠星科研部研发的一种重型反舰鱼雷。使用极为激进的大当量反物质装药和实验性推进器设计，能够快速对重型单位造成严重打击。种种特性使得摧锋在同档位反舰武器下表现出空前绝后的水平，但最终仍因为制造成本过高并没有走向量产化。,,,,,
astd_echo_fixation_automated,SHIP_SYSTEM,透镜阵列把对手的弹道与航迹折叠进一段可回放的相位记录。,特殊,透镜阵列把对手的弹道与航迹折叠进一段可回放的相位记录。,,无人拓扑态下，回声定影的相位采样接入蜂群链路，覆盖更广的战场切面。,
astd_echo_fixation_crewed,SHIP_SYSTEM,透镜阵列把对手的弹道与航迹折叠进一段可回放的相位记录。,特殊,透镜阵列把对手的弹道与航迹折叠进一段可回放的相位记录。,,载人指挥态下，回声定影的相位采样并入情报中枢，为全队锚定误差解。,
astd_electric_drive_accelerator,WEAPON,弹链供弹的加速实弹炮，以散射连发倾泻动能弹雨。武器使用不稳定装药，命中能够额外释放冲击。,,,,,
astd_fighter_grav_link,SHIP_SYSTEM,引力联结协议将机群的时间轴与母舰锚定，令战机以数倍流速倾泻火力，并在协议结束时将全机群折叠回机库。,支援,引力联结协议将机群的时间轴与母舰锚定，令战机以数倍流速倾泻火力，并在协议结束时将全机群折叠回机库。,,"激活后至多 15 秒内（再次按键可提前关闭），本舰战机时间流速提升 150%，受到的所有伤害降低 50%。效果受到难度系数影响。
持续期间每秒产出舰船基础最大辐能 7% 的软辐能；系统结束时召回全部部署在外的战机并快速重新出击，未耗散的全部软辐能等量转化为硬辐能。
冷却时间 25 秒。",
astd_gcp12,WEAPON,一种使用紫菀科研部引力科技的光束炮。与常规直射光束武器不同，引力坍缩炮通过发射引力空间束，在目标地点产生空间震荡，并严重扭曲该位置的空间连续性。对装甲和船体这类实体材料效果极佳，但无法对护盾造成显著压力。,,,,,
astd_gcp2,WEAPON,一种使用紫菀科研部引力科技的光束炮。与常规直射光束武器不同，引力坍缩炮通过发射引力空间束，在目标地点产生空间震荡，并严重扭曲该位置的空间连续性。对装甲和船体这类实体材料效果极佳，但无法对护盾造成显著压力。这个版本的引力坍缩炮调整了爆发周期，使其更适合对抗密集的战机型目标。,,,,,
astd_gcp4,WEAPON,一种使用紫菀科研部引力科技的光束炮。与常规直射光束武器不同，引力坍缩炮通过发射引力空间束，在目标地点产生空间震荡，并严重扭曲该位置的空间连续性。对装甲和船体这类实体材料效果极佳，但无法对护盾造成显著压力。,,,,,
astd_gcp8,WEAPON,一种使用紫菀科研部引力科技的光束炮。与常规直射光束武器不同，引力坍缩炮通过发射引力空间束，在目标地点产生空间震荡，并严重扭曲该位置的空间连续性。对装甲和船体这类实体材料效果极佳，但无法对护盾造成显著压力。,,,,,
astd_gemini_bomber,SHIP,"搭载""双子星""DEM 导弹的无人重型轰炸机，能够在友方战机的掩护下投射毁灭性的间接突破火力。但容易在密集火力面前避之不及。",,,,,
astd_gemini_dem_launcher,WEAPON,可以认作是龙炎 DEM 的深化改进型，这座由坠星科研部设计的导弹装载了独特的分装式共振等离子束装药，当两枚导弹同时对目标发起打击时，能够引发共振效果，使其造成更具毁灭性的爆发伤害。改进后的发射架还内置了纳米导弹工厂，使用一定的装配开销来提升战场续航。,,,,,
astd_gemini_dem_pod,WEAPON,可以认作是龙炎 DEM 的深化改进型，这座由坠星科研部设计的导弹装载了独特的分装式共振等离子束装药，当两枚导弹同时对目标发起打击时，能够引发共振效果，使其造成更具毁灭性的爆发伤害。改进后的发射架还内置了纳米导弹工厂，使用一定的装配开销来提升战场续航。,,,,,
astd_grav_replicator,SHIP_SYSTEM,超载奇点核心，激活期间发射的所有能量武器射弹（不包括实弹武器）在发射的 0.5 秒后，在发射点位置再次发射两次同类弹体，造成原弹体 50% 的伤害，且只产生 50% 的辐能。效果受到难度系数影响。,进攻,超载奇点核心，激活期间发射的所有能量武器射弹（不包括实弹武器）在发射的 0.5 秒后，在发射点位置再次发射两次同类弹体，造成原弹体 50% 的伤害，且只产生 50% 的辐能。效果受到难度系数影响。,,"两发复制弹体各有 0.5 秒间隔；光束武器与导弹不会被复制。
激活时产生舰船基础最大辐能 10% 的软辐能。持续 2 秒，冷却 12 秒。",
astd_grav_rift_generator,SHIP_SYSTEM,超载奇点核心，需锁定目标舰激活：在目标舰体表面撕开一道红色引力旋涡，旋涡在 1 秒延迟后向目标发射裂隙光束，光束命中处沿舰体周边展开时空引力裂隙。,进攻,超载奇点核心，需锁定目标舰激活：在目标舰体表面撕开一道红色引力旋涡，旋涡在 1 秒延迟后向目标发射裂隙光束，光束命中处沿舰体周边展开时空引力裂隙。,,"光束持续命中期间每 0.1 秒布下一枚裂隙（最多 5 枚）。每枚裂隙对附近目标造成 800~1400 点能量坍缩伤害，伤害随裂隙序位递增。效果受到难度系数影响。
冷却时间 12 秒。",
astd_grav_storm,SHIP_SYSTEM,超载奇点核心，密蒙-级开始充能，持续 4 秒（充能满 2 秒后可提前释放），充能完毕后对舰船前方锥状范围内的所有目标（包括相位单位与战机）释放大量电弧打击，并根据充能时间造成 1~2 秒的强制过载；过载还会按被过载目标的舰体大小与过载时长，将密蒙自身当前硬辐能的一定比例转化为等额软辐能（总辐能不变）；舰船充能时获得 50% 伤害减免。效果受到难度系数影响。,进攻,超载奇点核心，密蒙-级开始充能，持续 4 秒（充能满 2 秒后可提前释放），充能完毕后对舰船前方锥状范围内的所有目标（包括相位单位与战机）释放大量电弧打击，并根据充能时间造成 1~2 秒的强制过载；过载还会按被过载目标的舰体大小与过载时长，将密蒙自身当前硬辐能的一定比例转化为等额软辐能（总辐能不变）；舰船充能时获得 50% 伤害减免。效果受到难度系数影响。,,"充能期间进入相位将中止充能。电弧无法穿透护盾，命中护盾时只造成能量伤害。
战机目标按护卫舰档位的 50% 结算电弧伤害，过载时间与护卫舰档位对齐。
硬辐能转化（自身，多目标累加，每令一个目标承受 1 秒过载）：战机 0.25% / 护卫舰 1% / 驱逐舰 2% / 巡洋舰 3% / 主力舰 4%。
激活时产生舰船基础最大辐能 20% 的软辐能。
冷却时间 24 秒。",
astd_gravity_phase,SHIP_SYSTEM,引力投射器将舰体暂时折叠进相位空间，规避一切来袭火力。,防御,引力投射器将舰体暂时折叠进相位空间，规避一切来袭火力。,,,
astd_gravwell_interceptor,SHIP,引力井级从不远离它所护卫的母舰。它像一颗贴身卫星般悬在舰侧，等不知好歹的战机群撞进坍缩炮的作用范围——然后那里就会多出一团短暂存在的、由残骸构成的星云。,,,,,
astd_heavy_charge_needle,WEAPON,电荷针刺的中型规格，供弹深度与持续火力加倍；命中护盾会使电荷在目标护盾矩阵中淤积，持续抬高其维持开销；命中船体则可能将电荷泄放为电弧，打击武器与引擎。,,,,,
astd_heavy_ion_pulse,WEAPON,离子脉冲炮的大型化改进型，拥有足以在交战时迅速瘫痪敌舰系统与引擎的巨量 EMP 损害，并产生严重损伤着弹点附近模块的电弧。,,,,,
astd_ice_shard_mirv,WEAPON,一种发射非常规附着式弹体的集束导弹平台。母弹接近目标后自行解体，泼洒数枚晶状射弹向目标方向；刺入舰体的射弹会持续侵蚀结构稳定性，降低周围结构的防护效能。,,,,,
astd_ice_shard_mirv_pod,WEAPON,一种发射非常规附着式弹体的集束导弹平台。母弹接近目标后自行解体，泼洒数枚晶状射弹向目标方向；刺入舰体的射弹会持续侵蚀结构稳定性，降低周围结构的防护效能。,,,,,
astd_lh_001,SHIP,"飞星-级先进炮艇是星坠与紫菀两局罕见的联合设计品，以护卫舰的体量装载了为单舰对决校准的整套火控。

作为仅次于决明-级的技术复杂度，在护卫舰级的体量中几乎塞入了菀星设计总局所有已知的前沿技术，其目的只有一个：以超规格的武装和最先进的辐能网络来以小博大，并从中取胜。很显然，飞星-级目前能够展示在我们眼前，就说明它已经做到了。

尽管档案中经常记录该舰级夸张的舰船维护开销，和极高的飞船驾驶员技能需求，但这些都无法掩盖飞星-级出色的战斗能力。作为两局联制品，该舰级的产量记录在大崩塌中佚失，现存个体的署名栏里同时留着两个局的印记——星坠出锻，紫菀出萼。

代号 [LH-001]。萼是护花的甲；它的造价栏比某些巡洋舰还长。",,,,,
astd_lh_001_burst_flow,SHIP_SYSTEM,激活时，舰船根据当前航向附加爆发冲刺动量（200% 最大航速），期间无法转向，并获得爆发性时间流速、加减速、辐能耗散速率与高额武器备弹恢复加成。效果受到难度系数影响。,机动,激活时，舰船根据当前航向附加爆发冲刺动量（200% 最大航速），期间无法转向，并获得爆发性时间流速、加减速、辐能耗散速率与高额武器备弹恢复加成。效果受到难度系数影响。,,,
astd_lh_002,SHIP,"飞星-级先进炮艇是星坠与紫菀两局罕见的联合设计品，以护卫舰的体量装载了为单舰对决校准的整套火控。

作为仅次于决明-级的技术复杂度，在护卫舰级的体量中几乎塞入了菀星设计总局所有已知的前沿技术，其目的只有一个：以超规格的武装和最先进的辐能网络来以小博大，并从中取胜。很显然，飞星-级目前能够展示在我们眼前，就说明它已经做到了。

尽管档案中经常记录该舰级夸张的舰船维护开销，和极高的飞船驾驶员技能需求，但这些都无法掩盖飞星-级出色的战斗能力。作为两局联制品，该舰级的产量记录在大崩塌中佚失，现存个体的署名栏里同时留着两个局的印记——星坠出锻，紫菀出萼。

代号 [LH-002]。萼是护花的甲；它的造价栏比某些巡洋舰还长。",,,,,
astd_lh_002_vision_shift,SHIP_SYSTEM,舰船自身获得少量额外时间流速，并选择一艘敌对舰船，根据其舰船大小降低一定的时间流速，期间目标受到来自本舰的伤害提高，从其他单位受到的伤害大幅降低。效果受到难度系数影响。,特殊,舰船自身获得少量额外时间流速，并选择一艘敌对舰船，根据其舰船大小降低一定的时间流速，期间目标受到来自本舰的伤害提高，从其他单位受到的伤害大幅降低。效果受到难度系数影响。,,,
astd_lh_stardust_launcher_arc,WEAPON,发射环绕本舰巡弋的自律光尘，主动撞击射程内的敌对目标。光尘优先拦截导弹与战机，撞击舰船时释放穿透性 EMP 电弧，被护盾阻挡时有 50% 概率穿透护盾。,,,,,
astd_lh_stardust_launcher_lens,WEAPON,发射环绕本舰巡弋的自律光尘，主动撞击射程内的敌对目标。光尘优先拦截导弹与战机，撞击舰船时释放穿透性 EMP 电弧，被护盾阻挡时有 50% 概率穿透护盾。,,,,,
astd_piercing_lance,WEAPON,星坠科研部为正面决胜打造的重型投射平台。两秒的充能过程将骇人的能量压缩进一枚高密度弹体，出膛后在毫秒之间贯穿战场——命中随后产生的冲击波能够吞没其中的一切。,,,,,
astd_plasma_armor_shield_boost,SHIP_SYSTEM,舰船将大部分能量导向装甲护盾，显著增加护盾和装甲的承伤能力。,防御,舰船将大部分能量导向装甲护盾，显著增加护盾和装甲的承伤能力。,,"护盾减少 {{50%}}} 受到的伤害，装甲减少 {{25%}}} 受到的伤害。
并禁用非导弹（不包括点防御）武器。
激活期间护盾受到的单次伤害大于舰船最大辐能的 {{5%}}} 时，超出的伤害部分降低 {{50%}}}。
等离子装甲护盾的装甲计算值翻倍。
并使离子化反冲蓄能器效果翻倍。",
astd_positron_shockwave,WEAPON,星坠科研部的点防御近炸弹。射弹附近存在目标时，会引爆内部的正电子装药，将锥形破片雨泼向来袭的导弹与战机。对敌方的蜂群式导弹效果极佳。,,,,,
astd_psi_omega,WEAPON,,,,,,
astd_qiongjue_phase_railgun,WEAPON,星坠科研部的长程动能主炮。使用独特的相位弹头来干扰敌方护盾稳定性，持续施加动能压力，并在击中后持续校准武器自身的相位谐波。,,,,,
astd_reserved_station,CUSTOM,登记在册的预留轨道设施。结构完好，维生系统处于最低功率待机。一份两百年前的启用申请仍挂在第七分局的待办队列里，状态：受理中。,,,,,
astd_rift_shift,SHIP_SYSTEM,裂隙折跃器将舰体短暂折叠进相位空间，沿飞行向量撕开一道通往虚数域的紫色裂隙。,机动,裂隙折跃器将舰体短暂折叠进相位空间，沿飞行向量撕开一道通往虚数域的紫色裂隙。,,"激活后舰船进入相位状态，并向鼠标指向折跃：距离随指向点远近变化，最远 1000su（受舰船系统射程加成影响），最短钳制在最远距离的 25%；折跃拉开耗时随距离在 0.25~1 秒间变化，途中撕开一道虚空裂隙。
裂隙沿路径每 100su 凝出一个伤害节点（判定半径 100su）：成形拉开期间节点逐个苏醒，每个苏醒节点对接触的敌方目标每 0.1 秒造成 400 点能量伤害；拉开完成后裂隙驻留 5 秒，全部节点每 0.2 秒造成 200 点能量伤害；随后裂隙按与拉开相同的耗时自起点向终点扫掠闭合，被扫过的节点在扫过时刻结算一拍 400 点能量伤害后熄灭。裂隙存续期间的虚空扰动会驱离试图穿越的敌舰。
冷却时间 8 秒。",
astd_seven_stars,WEAPON,定向折跃拦截系统。它将整枚射弹作为可投掷的裂隙弹头使用——发射瞬间即完成空间跃迁，在目标坐标撕开一道短暂蓄积后爆裂的空间裂隙。它不知疲倦地跃向下一处火光，直至七次跃迁耗尽，或天空再无可燃之物。若半途再无小型目标可供追猎，弹头会把剩余的跃迁次数尽数倾泻到最近的敌舰上——多段裂隙沿舰体次第绽开，直至最后一道闭合。,,,,,观测档案摘录：首次遭遇它的舰长坚称记录仪出了故障——弹道摄像里没有任何飞行物，只有七道幽蓝裂隙几乎同时亮起，宛如北斗横陈于战场之上。七道裂隙之后，整波导弹群在同一秒内熄灭。这个名字由此流传开来。
astd_starfall_echo,WEAPON,星坠-级的主武器。能够在短时间内连续投射高频相干引力子流以锚定物质结构的谐振点，并在最后一发中将所有锚定的能量在太空中剧烈爆发，令周遭的所有单位化为星尘。,,星坠-级的主武器。能够在短时间内连续投射高频相干引力子流以锚定物质结构的谐振点，并在最后一发中将所有锚定的能量在太空中剧烈爆发，令周遭的所有单位化为星尘。,,,
astd_starfall_wing,WEAPON,星翼-级的主武器，这座直连舰船反应堆的直射炮的破坏力丝毫不逊色于坠星残响，坠星残翼能够投射大量相位化的反物质流，以最高效的方式击穿星域中的所有防御手段。,,,,,
astd_stellar_mrm_launcher,WEAPON,"上古遗产""反物质 SRM""的逆向工程产物。原物的装药原理至今无法解析，工程组转而复现它的飞行性能与猎杀逻辑，以常规能量装药补上最后一块拼图——紫色辉星掠过之处，战机联队的武器系统将集体沉默。",,,,,"逆向工程记录：""拆解报告第 41 版，结论与第 1 版相同：不可分析。我们甚至无法确定装药舱里是不是反物质。""工程组最终放弃了理解原物，转而复现它的飞行——三十二架无人靶机在三秒内接连熄火，像被同一根手指依次捻灭的蜡烛。评审委员会沉默了很久，然后在量产许可上签了字。"
astd_stellar_mrm_pod,WEAPON,"上古遗产""反物质 SRM""的逆向工程产物。原物的装药原理至今无法解析，工程组转而复现它的飞行性能与猎杀逻辑，以常规能量装药补上最后一块拼图——紫色辉星掠过之处，战机联队的武器系统将集体沉默。",,,,,"逆向工程记录：""拆解报告第 41 版，结论与第 1 版相同：不可分析。我们甚至无法确定装药舱里是不是反物质。""工程组最终放弃了理解原物，转而复现它的飞行——三十二架无人靶机在三秒内接连熄火，像被同一根手指依次捻灭的蜡烛。评审委员会沉默了很久，然后在量产许可上签了字。"
astd_suppression_mode,SHIP_SYSTEM,压制模式将列星锚定为固定火力平台：牺牲机动换取射程、射速与护盾承伤的全面强化。,攻击,压制模式将列星锚定为固定火力平台：牺牲机动换取射程、射速与护盾承伤的全面强化。,,"最大航速与机动性降低 {{50%}}}，武器产生的辐能降低 {{50%}}}，护盾受到的伤害降低 {{30%}}}，武器射程提升 {{30%}}}，武器射速提升 {{30%}}}。
开启期间每秒产出舰船基础最大辐能 {{2%}}} 的硬辐能，随激活时间推移提升，第 4 秒达到最高 {{6%}}}。
激活 1 秒后达到最高加成，持续 8 秒，随后在 1 秒内结束，冷却 10 秒。
效果受到难度系数影响。",
astd_surge_fighter,SHIP,透镜协议前线最常见的无人格斗单元，搭载电荷针刺。比起击毁目标，电涌级更擅长利用机动能力骚扰敌方，待到敌方炮组成片熄灭时，真正负责终结的火力已经在路上了。,,,,,
astd_xc_001,SHIP,"星坠-级战列舰是星坠理事会的旗舰样机，能够在正面战场维持极端密度的持续火力，并在短窗口内倾泻毁灭性的爆发。

在理事会尚存的年代，星坠-级出现在战线哪一段，哪一段的交火就会迅速失去悬念：宽阔舰首容纳的多层弧光母线为一门内置主炮与两翼炮列供能，整套火控只为""让星星坠落""这一件事服务。现存的作战记录里，它极少需要第二次齐射窗口。

大崩塌之后，星坠-级的蓝图与船坞档案一并消失，如今偶尔被目击的个体都被认为是崩塌前下水的同型舰。它们听命于谁、由谁驾驶，没有一份档案能够回答。

实验代号 [XC-001]。理事会以自局名称呼自己的旗舰，就足以显现该舰的地位了。",,,,,
astd_xc_002,SHIP,"星翼-级驱逐舰是星坠理事会的实验性猎杀平台，围绕一门内置的[坠星残翼]直射炮建造，并依靠裂隙折跃在战场上穿行，执行高风险的精确突袭。

档案中该级只有一艘的下水记录，没有量产计划，也没有后续编号。大崩塌后它数度易主，每一位新主人都宣称摸清了它的折跃节律，每一份作战报告都在同一个窗口期里中断。

实验代号 [XC-002]。命名取自淬池——熔炉旁淬火的水池；刃成之后，不再回炉。",,,,,
astd_xc_101,SHIP,"星坠理事会量产的战线中坚：熔壁-级巡洋舰。能够以单舰之躯承载主力舰级的火力，其形象也与低端科技的一艘热门巡洋舰型颇为相似。

熔壁-级在档案中出现的频率可谓是相当之高，是组织里最常见的装甲舰。当然，让熔壁级真正出名的是它独特的分布式等离子装甲护盾，这种高度集成于整艘舰船的设计让熔壁-级的护盾具有极高的抗动能打击能力，并通过反冲蓄能器再将打击产生的冲击能量回敬给周围的对方。也因如此，即便是处于武器下线状态的熔壁-级也颇具威胁。熔壁-级也因为其出色的生存能力在各位宇宙民之间颇受好评，无疑是星坠理事会里最成功的量产型巡洋舰。

代号 [XC-101]。熔铸的墙壁。",,,,,
astd_xc_102,SHIP,"星坠理事会的主要舰队支点：烽燧-级堡垒主力舰，无论是单独作战还是集群作战都是一个不容小觑的威胁，其形象似乎与速子科技旗下的一项秘密 AI 计划中所设计的舰船颇为相似。

烽燧-级的武装和形象可谓是极为暴力：大量的广阔前向火炮槽位，夸张的堡垒式长翼造型，以及遍布舰船全身的辐能网络，每一项设计都能完美诠释星坠理事会的舰船设计风格。

烽燧-级还能够承担火控中心的作用，其内置的共享战术网络能够与周围的所有舰船建立共享链接，并提升友舰的射程。当战术系统激活的时候，还能额外建立辐能链接，为周围的舰船缓解辐能压力。

代号 [XC-102]。边塞燃火为号、列台传讯。",,,,,
astd_xc_103,SHIP,"由星坠理事会设计的列星-级驱逐舰，可以看作是星翼-级的量产化版本。通常会与同级和逐电-级成群结队在战场中以追猎者的形式出现。

根据目前的档案中得知，我们目前见到的这类舰船已经是经过了多轮现代化改造的版本。列星-级依靠充沛的武装配置和极具进攻性的战术系统，能够在短时间的爆发窗口中快速对同级目标造成毁灭性的打击，如果在这一轮攻势下敌舰还残存一息，那么它很快就会被下一艘列星-级或逐电-级所终结。

成群结队的列星-级威胁极大，它们能够在各自舰船间建立追猎网络，反复调谐舰船的各类系统，并相互掩护，如果进攻方没有专门用于对抗狼群作战体系的配装，那么整个战场将会变成列星-级的无伤狩猎场。正因如此，列星-级也深受狼群作战体系的舰长们所青睐。

代号 [XC-103]。诸星成列。",,,,,
astd_xc_104,SHIP,"""逐电""是星坠理事会的高速护卫舰，舰体轻薄，放电回路外露。",它依靠静电释放创造近身窗口，然后迅速脱离火线。,,,,
astd_zw_001,SHIP,"决明-级巡洋舰是紫菀理事会的实验性舰船设计，以远超于同规格巡洋航母的规格在战场上创造绝对的统治力。

据目前能够得知的档案里，决明-级的首次出现是在一处边缘星垣的星系中，紫菀理事会几乎将所有最前沿的引力技术都投入在了这艘舰船。而成果显然非常令人满意：在首轮同规模的集群作战测试中就以压倒性的优势取得了胜利。这些无疑是归功于能够直接改变战场环境的引力投射器，又或是能够极大幅度提升战机作战效率的视界甲板。并且因为决明-级出色的生存能力，一度让常驻于旗舰地位的飞蓬-级受到严重的威胁。

然而，决明最后并没能走出实验阶段，大崩塌发生后，大量的实验性引力科技器材断供导致第七分局无法再造出这样惊人的舰船了。如今我们能够见到的这艘决明-级很可能就是档案中所描述的，从边缘星垣造出的第一艘实验性引力科技舰船，也是最后一艘。也许未来的某个时刻英仙座可以重新创造出它的仿舰，但那很可能是非常久之后的事了。

实验代号 [ZW-001]。紫菀的造物以明目本草为名——[决明] 即明目之药，古别名还瞳子。",,,,,
astd_zw_002,SHIP,"""密蒙""展开的引力电磁力场会持续瓦解周遭敌舰的传感与火控回路，让它们在目眩中失去准星。",它以视觉剥夺与强制过载支配战场——密蒙花开，观者目迷。,,,,
astd_zw_101,SHIP,舜华-级的定位是用于收割小型目标而生的突击相位舰船，与茑萝-级不同，舜华-级在不借助主力舰掩护的情况下也能够拥有出色的生存能力。,舜华-级同样大规模的使用了紫菀科研部的引力科技，但更擅长操纵短距离的局部空间，舜华能够以一种匪夷所思的方式精准对某个位置的物质发动折跃能力，或者说是空间编辑能力。在低功率的情况下可以轻易调整实体的相对空间位置，而在超载功率的情况下甚至可以锁定能量实体的引力向量和空间，并强制折叠维度空间使其达成复制区域能量实体的能力 —— 但并不能复制真实存在的材料或有机物，所以并不能解决大崩塌后的资源问题。,,,,
astd_zw_102,SHIP,"""飞蓬""是量产化透镜主力舰，紧急召回系统让其能重整无人单元与战线位置。",它的外层磁场会在交战中持续扰动传感回波。,,,,
astd_zw_103,SHIP,茑萝-级最初的定位是用于护航高价值单位的战斗航母，能够在主力舰提供火力掩护的前提下，对近距离的同级目标造成毁灭性的打击。,"茑萝-级在近距离的格斗能力相当出色，且最出名的大概就是它的能源核心所搭载的裂隙发生器了 —— 茑萝-级能够短暂超载自身的能源核心，在较短距离的目标展开一道引力裂隙，随后释放一束裂隙喷流，对目标位置产生多段引力坍缩，造成严重的坍缩伤害。
茑萝-级的引力相位甲板搭载了独特的相位无人战机，能够与母舰形成引力联结，当它们同时对单个目标发起进攻时，其威胁等级毫不弱于坠星科研部的列星-级，甚至可以说更强。",,,,
