name,id,flux/second,f/s (base rate),f/s (base cap),flux/use,f/u (base rate),f/u (base cap),cr/u,max uses,regen,charge up,active,down,cooldown,toggle,noDissipation,noHardDissipation,hardFlux,noFiring,noTurning,noStrafing,noAccel,noShield,noVent,isPhaseCloak,tags,icon
弧光共享辐能网络,astd_arc_shared_flux_network,0,0,0,0,0,0,0,,,0.5,10,0.5,20,FALSE,FALSE,FALSE,FALSE,FALSE,FALSE,FALSE,FALSE,FALSE,FALSE,FALSE,,graphics/icons/hullsys/ammo_feeder.png
落叶飞花（战机型）,astd_burst_flow_fighter,0,0,0,0,0,0,0,2,0.1,0.1,1,0.1,1,FALSE,FALSE,FALSE,FALSE,FALSE,FALSE,FALSE,FALSE,FALSE,FALSE,FALSE,,graphics/icons/hullsys/temporal_shell.png
战机引力联结器,astd_fighter_grav_link,0,0,0,0,0,0,0,,,0.5,15,1,25,TRUE,FALSE,FALSE,FALSE,FALSE,FALSE,FALSE,FALSE,FALSE,FALSE,FALSE,,graphics/icons/hullsys/recall_device.png
火力引导阵列,astd_fire_control_array,0,0,0,0,0,0,0,,,0.5,10,0.5,16,FALSE,FALSE,FALSE,FALSE,FALSE,FALSE,FALSE,FALSE,FALSE,FALSE,FALSE,,graphics/icons/hullsys/ammo_feeder.png
引力空间复制器,astd_grav_replicator,0,0,0,0,0,0,0,,,0,2,0,12,FALSE,FALSE,FALSE,FALSE,FALSE,FALSE,FALSE,FALSE,FALSE,FALSE,FALSE,,graphics/icons/hullsys/entropy_amplifier.png
引力裂隙发生器,astd_grav_rift_generator,0,0,0,0,0,0,0,,,1,1,1,12,FALSE,FALSE,FALSE,FALSE,FALSE,FALSE,FALSE,FALSE,FALSE,FALSE,FALSE,,graphics/icons/hullsys/mine_strike.png
引力磁暴发生器,astd_grav_storm,0,0,0,0,0,0,0,,,4,0.5,1.5,24,TRUE,FALSE,FALSE,FALSE,FALSE,FALSE,FALSE,FALSE,FALSE,FALSE,FALSE,,graphics/icons/hullsys/quantum_disruptor.png
引力时流干涉器,astd_grav_timeflow_interference,0,0,0,0,0,0,0,,,0.5,10,0.5,30,FALSE,FALSE,FALSE,FALSE,FALSE,FALSE,FALSE,FALSE,FALSE,FALSE,FALSE,,graphics/icons/hullsys/temporal_shell.png
引力相位,astd_gravity_phase,0,0,0,0,0,0,0,,,0.5,,0.5,2,TRUE,FALSE,TRUE,TRUE,TRUE,FALSE,FALSE,FALSE,TRUE,FALSE,TRUE,defensive,graphics/icons/hullsys/phase_cloak.png
高能装填,astd_high_energy_loader,0,0,0,0,0,0,0,,,0.25,3,0.25,12,FALSE,FALSE,FALSE,FALSE,FALSE,FALSE,FALSE,FALSE,FALSE,FALSE,FALSE,,graphics/icons/hullsys/ammo_feeder.png
全息分身,astd_holographic_decoy,0,0,0,0,0,0,0,3,12,0.15,0.5,0.15,8,FALSE,FALSE,FALSE,FALSE,FALSE,FALSE,FALSE,FALSE,FALSE,FALSE,FALSE,,graphics/icons/hullsys/phase_cloak.png
落叶飞花,astd_lh_001_burst_flow,0,0,0,0,0,0,0,3,0.1667,0.1,1,0.1,1,FALSE,FALSE,FALSE,FALSE,FALSE,FALSE,FALSE,FALSE,FALSE,FALSE,FALSE,,graphics/icons/hullsys/temporal_shell.png
视界变速,astd_lh_002_vision_shift,0,0,0,0,0,0,0,,,0.5,14,0.5,15,FALSE,FALSE,FALSE,FALSE,FALSE,FALSE,FALSE,FALSE,FALSE,FALSE,FALSE,,graphics/icons/hullsys/quantum_disruptor.png
微型燃烧推进,astd_micro_burn_drive,0,0,0,0,0,0,0,3,10,0.25,1.25,0.25,8,FALSE,FALSE,FALSE,FALSE,FALSE,FALSE,FALSE,FALSE,FALSE,FALSE,FALSE,,graphics/icons/hullsys/burn_drive.png
装甲护盾增压,astd_plasma_armor_shield_boost,0,0,0.02,0,0,0,0,,,0.5,,0.5,0,TRUE,FALSE,FALSE,TRUE,TRUE,FALSE,FALSE,FALSE,FALSE,FALSE,FALSE,defensive,graphics/icons/hullsys/fortress_shield.png
裂隙折跃,astd_rift_shift,0,0,0,0,0,0,0,,,0.25,1,0.25,8,FALSE,FALSE,TRUE,TRUE,TRUE,FALSE,FALSE,FALSE,TRUE,FALSE,TRUE,,graphics/icons/hullsys/displacer.png
静电释放,astd_static_discharge,0,0,0,0,0,0,0,2,14,0.15,0.35,0.15,10,FALSE,FALSE,FALSE,FALSE,FALSE,FALSE,FALSE,FALSE,FALSE,FALSE,FALSE,,graphics/icons/hullsys/damper_field.png
压制模式,astd_suppression_mode,0,0,0,0,0,0,0,,,1,8,1,10,FALSE,FALSE,FALSE,FALSE,FALSE,FALSE,FALSE,FALSE,FALSE,FALSE,FALSE,,graphics/icons/hullsys/ammo_feeder.png
