name,id,designation,tech/manufacturer,system id,fleet pts,hitpoints,armor rating,max flux,8/6/5/4%,flux dissipation,ordnance points,fighter bays,max speed,acceleration,deceleration,max turn rate,turn acceleration,mass,shield type,defense id,shield arc,shield upkeep,shield efficiency,phase cost,phase upkeep,min crew,max crew,cargo,fuel,fuel/ly,range,max burn,base value,cr %/day,CR to deploy,peak CR sec,CR loss/sec,supplies/rec,supplies/mo,c/s,c/f,f/s,f/f,crew/s,crew/f,hints,tags,logistics n/a reason,codex variant id,rarity,breakProb,minPieces,maxPieces,travel drive,number
共轭终端,astd_conjugate_terminal,,,,0,120,40,300,,120,0,0,240,300,300,180,360,10,NONE,,0,0,0,,,0,0,0,0,0,0,0,0,0,0,0,0,0,0,0,0,0,0,0,0,HIDE_IN_CODEX,,不可用 (无人机),,0,0,1,1,,9127
双子座,astd_gemini_bomber,轰炸机,菀星设计局-紫菀,,0,800,200,800,,80,0,0,150,300,250,60,120,40,FRONT,,240,0.3,0.6,,,0,0,0,0,0,0,0,0,0,0,0,0,0,0,0,0,0,0,0,0,,,,,1,0,1,1,,9130
引力井,astd_gravwell_interceptor,支援战斗机,菀星设计局-紫菀,displacer,0,500,100,900,,300,0,0,150,300,250,60,120,35,OMNI,,180,0.3,0.6,,,0,0,0,0,0,0,0,0,0,0,0,0,0,0,0,0,0,0,0,0,,,,,1,0,1,1,,9132
飞星 (ARC),astd_lh_001,先进炮艇,菀星设计局-星坠,astd_lh_001_burst_flow,15,3000,400,7000,,600,60,0,120,175,150,50,100,250,OMNI,,240,0.4,0.65,,,4,12,40,30,1,20,9,150000,10,15,360,0.5,18,18,0,0,0,0,0,0,,astd_production,,astd_lh_001_Standard,1,0,1,1,,9119
飞星 (LENS),astd_lh_002,先进炮艇,菀星设计局-紫菀,astd_lh_002_vision_shift,15,3000,400,9000,,450,60,0,100,175,150,50,100,250,OMNI,,240,0.4,0.65,,,4,12,40,30,1,20,9,150000,10,15,360,0.5,18,18,0,0,0,0,0,0,,astd_production,,astd_lh_002_Standard,1,0,1,1,,9120
电涌,astd_surge_fighter,战斗机,菀星设计局-紫菀,plasmajets,0,500,150,900,,300,0,0,250,500,400,100,180,25,FRONT,,270,0.3,0.6,,,0,0,0,0,0,0,0,0,0,0,0,0,0,0,0,0,0,0,0,0,,,,,1,0,1,1,,9131
星坠,astd_xc_001,战列舰,菀星设计局-星坠,astd_lh_001_burst_flow,30,20000,1500,23000,,1300,300,0,50,30,20,15,20,3200,OMNI,,180,0.37,0.7,,,400,1000,300,300,10,30,7,500000,4,20,840,0.25,55,55,0,0,0,0,0,0,,astd_unique,,astd_xc_001_Standard,1,0,1,1,,9101
星翼,astd_xc_002,驱逐舰,菀星设计局-星坠,astd_rift_shift,25,6500,650,12000,,750,120,1,115,90,80,70,90,400,OMNI,,180,0.32,0.7,,,10,250,60,80,2,40,9,100000,5,20,560,0.25,24,24,0,0,0,0,0,0,,astd_unique,,astd_xc_002_Standard,1,0,1,1,,9102
熔壁,astd_xc_101,巡洋舰,菀星设计局-星坠,astd_plasma_armor_shield_boost,20,13000,1600,14000,,750,185,0,40,15,15,10,20,2250,FRONT,,360,0.56,1,,,150,300,400,300,3,33,8,100000,3,12,600,0.25,30,30,0,0,0,0,0,0,,astd_production,,astd_xc_101_Standard,1,0,1,1,,9108
烽燧,astd_xc_102,主力舰,菀星设计局-星坠,astd_arc_shared_flux_network,28,20000,1800,25000,,1400,360,0,40,20,15,20,20,4000,OMNI,,240,0.5357,0.7,,,400,800,800,600,10,30,8,300000,3,15,720,0.25,55,55,0,0,0,0,0,0,,astd_production,,astd_xc_102_Standard,1,0,1,1,,9107
列星,astd_xc_103,驱逐舰,菀星设计局-星坠,astd_suppression_mode,14,6000,600,7000,,500,140,0,100,42,42,30,60,8000,OMNI,,200,0.48,0.7,,,50,70,80,50,2,25,9,45000,5,15,420,0.25,14,14,0,0,0,0,0,0,,astd_production,,astd_xc_103_Standard,1,0,1,1,,9109
逐电,astd_xc_104,护卫舰,菀星设计局-星坠,astd_static_discharge,5,1200,200,2000,,180,55,0,140,200,200,90,200,200,FRONT,,120,0.6,0.8,,,5,15,15,15,1,0,10,12000,10,20,120,0.5,5,5,0,0,0,0,0,0,,astd_production,,astd_xc_104_Standard,1,0,1,1,,9110
决明,astd_zw_001,巡洋舰,菀星设计局-紫菀,astd_jamming_swarm,30,8000,1000,14000,,900,180,4,60,30,30,30,60,2250,OMNI,,240,0.4,0.6,,,200,400,400,300,3,33,8,100000,3,12,720,0.25,30,30,0,0,0,0,0,0,"CARRIER, COMBAT, NO_AUTO_ESCORT",astd_unique,,astd_zw_001_Standard,1,0,1,1,,9104
密蒙,astd_zw_002,相位巡洋舰,菀星设计局-紫菀,astd_grav_storm,22,8000,1200,12000,,900,165,0,80,60,60,60,80,1500,PHASE,astd_gravity_phase,0,0,0,0.0333,0.0333,100,300,300,200,3,33,8,100000,3,12,720,0.25,40,40,0,0,0,0,0,0,PHASE,astd_unique,,astd_zw_002_Standard,1,0,1,1,,9112
舜华,astd_zw_101,相位驱逐舰,菀星设计局-紫菀,astd_grav_replicator,15,5000,700,8500,,550,95,0,130,100,100,50,80,2000,PHASE,astd_gravity_phase,0,0,0,0.0235,0.0235,10,250,60,80,2,40,9,100000,5,20,420,0.25,18,18,0,0,0,0,0,0,PHASE,astd_production,,astd_zw_101_Standard,1,0,1,1,,9105
飞蓬,astd_zw_102,航空战列舰,菀星设计局-紫菀,astd_fighter_grav_link,35,12000,1200,16000,,1200,340,3,50,20,30,30,35,3500,OMNI,,240,0.5818,0.5333,,,500,1000,1000,750,10,30,7,100000,4,20,920,0.25,55,55,0,0,0,0,0,0,"CARRIER, COMBAT, NO_AUTO_ESCORT",astd_production,,astd_zw_102_Standard,1,0,1,1,,9111
茑萝,astd_zw_103,相位护航航母,菀星设计局-紫菀,astd_grav_rift_generator,15,5000,800,8000,,600,115,2,110,80,80,60,80,8000,PHASE,astd_gravity_phase,0,0,0,0.025,0.025,20,120,100,60,2,40,9,100000,5,15,480,0.25,22,22,0,0,0,0,0,0,"PHASE, CARRIER",astd_production,,astd_zw_103_Standard,1,0,1,1,,9113
牵丝,astd_zw_103_fighter,重型战斗机,菀星设计局-紫菀,astd_burst_flow_fighter,0,1000,300,1500,,300,0,0,200,400,350,90,180,30,FRONT,,270,0.3,0.6,,,0,0,0,0,0,0,0,0,0,0,0,0,0,0,0,0,0,0,0,0,,,,,1,0,1,1,,9121
